tag,Area,Roundness,Hu_1,Hu_2,Hu_3,Hu_4,Hu_5,Hu_6,Hu_7
S,24388,0.13693764769465075,0.0018340101856845173,2.5474956122298555e-08,5.157565735675723e-11,6.598317911442551e-12,5.1835494027063565e-23,-7.603521367901394e-16,1.1013420229557515e-22
D,30191,0.22798587537895426,0.001617268636501999,3.1480905382145492e-09,1.9242006261608688e-10,1.7961636152430742e-13,1.033487532622625e-24,5.240090518098754e-18,2.1665024439168325e-25
D,47669,0.7139288924885674,0.0008530113693338433,5.3249591602994595e-11,2.730418867045504e-11,1.8764548831411378e-13,-1.0153509151804182e-25,-5.259781546556766e-19,-4.1242403450967257e-25
S,28707,0.19276379977301175,0.0015548153956716246,5.0403847050781247e-08,2.2628007674307228e-11,5.041823896950178e-13,1.422493692795072e-24,-1.1037320069176549e-16,-9.362624605215846e-25
D,27054,0.1420563730960702,0.0012483507575557148,1.3310128474829132e-07,3.9811377339488016e-10,8.975037084652945e-12,3.120839045441476e-22,-1.3227526001090791e-15,-4.363717633473981e-22
S,25914,0.15193651651498608,0.001586185510501182,9.882186783914817e-08,1.3843765155986451e-11,1.9139176588151223e-12,2.2789890306341362e-24,-4.8346155216581425e-16,-9.584495960107167e-24
F,31771,0.5851681149400026,0.001121096766916612,1.8993924810695492e-07,3.9360582027344863e-10,4.90436337098984e-11,2.0965554416235737e-21,-8.84834222463311e-15,-6.483487056913089e-21
A,31919,0.37881606741685525,0.0008968141821416099,2.3168583080651063e-08,4.166153882294488e-10,2.708627648589229e-12,8.99236877393851e-23,-2.9515305064538867e-16,-1.388640706947537e-23
A,22900,0.2049314654480764,0.001360307434069008,1.5882898627836515e-08,1.8160871575786705e-09,6.875851815758733e-11,-2.0927767117064957e-20,7.514277225235153e-15,-1.2344537111724154e-20
F,36247,1.0714865907135123,0.000876407221457239,2.0290487282080408e-07,1.2715961345442225e-10,1.7570478463887335e-11,2.7236895577386573e-22,-2.447337843075228e-15,-7.845879561244145e-22
A,24732,0.22859777606389958,0.0013021501078933038,5.411550441769368e-09,1.4971670395397505e-09,4.613134401033012e-11,-1.201662998069296e-20,2.7728650983537855e-15,-1.6064613746345836e-21
G,42335,0.34102369162513074,0.0009142891366807345,1.8291181773000773e-09,8.53346897567658e-12,6.105242328947395e-13,-2.677307901431799e-25,-2.6050474756400187e-17,-1.3675721679617342e-24
G,43164,0.38497285688911487,0.0008989365478263039,1.6780163840796736e-09,7.314583559421744e-12,5.309037531068533e-13,-5.037209444516567e-26,-2.163088625031539e-17,-1.0449957641154997e-24
G,27751,0.191346694605806,0.0016668513533196773,1.3670680212408283e-08,6.653713748930993e-11,7.120034973260734e-12,9.938617134027488e-23,-1.2956074553607143e-16,1.1890724082032634e-22
G,25395,0.09560508379646518,0.0012771989173813907,1.27779224926549e-08,3.503874208191134e-11,5.195766739255032e-12,5.659181370113286e-23,3.5341533374172567e-16,4.1377185542440275e-23
A,29197,0.2967143286671924,0.0010447485843889113,6.613416082779638e-10,7.214978032867972e-10,2.2152528488641458e-11,-2.654661008826001e-21,-2.3567019690530114e-16,8.922920213705098e-22
A,18485,0.1774913816128152,0.0015509385193569819,1.8309579094906847e-08,3.199454866540405e-09,2.0358133470697185e-10,-7.287337653029702e-20,-1.5985652988842418e-14,1.4725785814324326e-19
A,25718,0.23608877161230854,0.0012024788720196948,1.893123287153475e-08,1.1264519183879605e-09,2.9985908835360926e-11,-5.111466870343237e-21,3.9576677013015825e-15,-2.06016290726204e-21
F,38408,0.3211076236705976,0.0008999934247590534,1.050659806060305e-07,1.5844986541641104e-10,2.663872013182524e-12,-1.327562604887501e-23,-7.994240138306658e-16,-5.309425499049406e-23
F,27852,0.6027764936021585,0.0014220563960508994,2.795465868134697e-07,9.490158466975358e-10,1.2890866239362324e-10,1.2409932855237385e-20,-2.5276727599199555e-14,-4.334640863246485e-20
A,50338,0.4644768876065612,0.0007218830823430846,3.4172153189882094e-10,1.123099588964857e-11,8.725217060401493e-13,-2.275076201830463e-24,-5.169217788637824e-19,-1.5113465688670496e-24
S,28058,0.17363483001425162,0.0016363235284660017,1.4533949320175777e-08,7.299429205551122e-12,2.1573322377347522e-12,7.932521455382908e-24,-2.4526063477743177e-16,-3.2193643303399692e-24
D,30220,0.22644606965664446,0.001615707250586905,3.276089494567032e-09,1.928312924211466e-10,1.3737496688585442e-13,6.971229015630749e-25,4.342192926150119e-18,1.1806537561669632e-25
S,47744,0.44129759907790805,0.0007442296630439018,9.60157093805944e-09,2.737521762061991e-12,2.4616254681613336e-14,-9.461163491364535e-28,5.38531110508485e-19,6.3197320289310355e-27
D,29491,0.34462108893604554,0.001743441793592831,2.1980636044425316e-08,2.185790596757905e-10,5.043689886455878e-12,-1.2648170501299074e-22,6.77728214618333e-16,-1.0976003112839056e-22
D,33013,0.4685064875382299,0.001546030373037452,9.001507065668228e-09,1.4100520934718407e-10,1.5954106912727267e-12,1.2275015380358234e-23,1.2044703501890365e-16,2.0540830609985323e-23
S,43238,0.3016966094956156,0.0008329229771229189,8.041460537399377e-09,3.725779887251998e-12,3.290987031112773e-13,3.460620247250223e-25,-2.283258402235103e-17,-1.141943553507863e-25
D,27802,0.22869094101209517,0.0017083320735589017,3.450118101114553e-10,3.7480693668748615e-10,7.67027132731515e-13,-4.1296842502442495e-25,6.2402309682690196e-18,-1.2998727462395208e-23
S,36442,0.21720950960035978,0.0010863538687409802,1.14935430692875e-08,7.1674165856335645e-12,5.522958567881099e-13,1.0983268296766259e-24,-5.430465195042339e-17,-3.3952511280532427e-26
D,37415,0.3018745098158646,0.0012128674702723836,1.1460309443036314e-09,4.77494944811855e-11,9.11947440199527e-14,1.1852134417556547e-25,8.340762336716989e-19,1.4888530247362468e-25
F,19468,0.12661979355123668,0.0018923128105386119,6.517104580152281e-07,2.2021322923159715e-09,7.182817718803775e-11,-2.5224431341080063e-21,-2.1733058343639875e-14,2.845537337598944e-20
A,17798,0.16911626782182573,0.0015965098177517308,2.0934010050426047e-10,3.769342624081592e-09,2.0993494097970315e-10,-1.8621434520672716e-19,-2.6964575823601705e-15,-1.4130316228321907e-20
A,24727,0.22583188971324775,0.001302388445693713,5.215512320191894e-09,1.4984252971347197e-09,4.5972941503573264e-11,-1.198635694261915e-20,2.7380869482854874e-15,-1.3859086601795945e-21
F,26135,0.5949147557667471,0.001483117399976292,2.830280206277769e-07,1.0108622850023435e-09,2.2997212814667866e-10,9.038399034040774e-20,-4.9461832714291206e-15,-6.422947099052022e-20
A,22942,0.09307130508607571,0.001640377001093844,3.894714770762488e-08,1.5400305191857065e-10,8.086240866538162e-11,2.056414913668918e-21,-1.5664639639165487e-15,8.786257965609211e-21
F,24041,0.6831547649721497,0.0014441679874612778,3.9997540892767e-07,1.3059579082604577e-09,3.3796059034316284e-10,2.059217000140759e-19,-1.6629036611643692e-14,-8.948458578331144e-20
G,20808,0.12662710178389391,0.0022505067921020656,3.339311913245709e-08,1.3713907343649406e-10,2.1216586673412427e-11,1.1069176648564985e-21,1.393227152317548e-15,2.9065671653207403e-22
G,20395,0.1315111989432842,0.0023250993266090217,3.5409285070662914e-08,1.7409811906710304e-10,2.1430382852175624e-11,1.3067697484454077e-21,7.573658713388599e-16,7.649755497448604e-23
G,27924,0.20416538404741985,0.00171457338925267,1.2906890695462232e-08,1.725833382047355e-10,3.326153666822226e-11,5.083303539342332e-22,-3.63746509600479e-15,-2.4682709761949984e-21
G,34308,0.24446073622659,0.0012484368545977917,4.224525185924201e-09,2.873014186465363e-11,1.5302054624129683e-12,5.9465727943937826e-24,-9.610963119540076e-17,-8.220641557963991e-24
F,28923,0.594346480725385,0.0013134283096598144,1.884237189709673e-07,5.846708740180067e-10,1.3964278277096075e-10,3.447673665656312e-20,-7.198163024950675e-16,-2.0085869926626842e-20
A,40166,0.5212886283135354,0.0007471378426436122,3.5233361297173746e-09,1.1440180395280113e-10,2.7577604225572617e-12,-4.358571437808006e-23,1.6154155651989633e-16,-2.2353624292182274e-23
A,24053,0.15987248258495534,0.0012252379269525114,1.782656669505413e-09,1.5303835590120258e-09,1.1130552261042749e-10,-3.7676620974412546e-20,-4.155539793403488e-15,-2.628312221685507e-20
F,47656,2.8301652079295874,0.000763570425442295,4.2424909029086203e-08,5.7332196053573915e-11,3.735443757983991e-12,4.6804200207978335e-23,-1.5004329912271722e-17,-2.824311673544281e-23
F,26684,0.31730328380592454,0.0014912928283956823,2.7763246799991846e-07,1.0343157857058582e-09,6.02981966111199e-11,8.243899311272389e-21,-1.4340670850400444e-14,-1.2601506042795548e-20
A,21060,0.1617808608161821,0.0014876603330330005,7.694404494757038e-08,2.0394895281974892e-09,3.917225443956839e-11,-2.825597304794654e-21,7.142436615391008e-15,1.0705447329662193e-20
D,29116,0.20195353289791648,0.0016688701715989868,2.1717719094298743e-09,2.575541296745071e-10,5.113571545094361e-13,5.031605882224764e-24,6.664257777573893e-18,3.020137115085105e-24
S,28894,0.15840386796386258,0.001469615654975746,2.5838344188103187e-08,2.3646179408051603e-11,9.65013031589525e-13,4.149907252869495e-24,-9.688199990926808e-17,2.0070742679866957e-24
S,25658,0.18255036386496953,0.0016946292809475751,1.881437791061163e-07,1.2900712965117523e-10,3.332224398204278e-12,3.905938243180565e-23,-1.434993983508708e-15,-5.698806352783049e-23
D,21807,0.10126840808467417,0.0020655013198525025,1.2800200861060965e-07,5.461238526414721e-10,4.863631478046351e-11,6.307288640943256e-21,1.0336177547735616e-14,4.800936136530484e-21
D,27288,0.13581063380780353,0.001254147742238052,1.0111341632727547e-07,4.125406362377894e-10,7.250414755913018e-12,2.921370483722834e-22,-7.8744073056615e-16,-2.681289606987001e-22
S,45576,0.8394328792453987,0.0007400383565327376,5.851653000076664e-08,3.794252677373744e-12,2.0234392712081338e-13,1.0867826743852832e-25,-4.8249990127852095e-18,-1.4008149784403025e-25
D,54880,2.9197887318838225,0.0006775581085018275,6.417521233626113e-11,1.3515801997809399e-11,1.441605262310825e-13,-2.0120776397950202e-25,-1.1540529220878853e-18,-2.919546844033142e-27
A,31559,0.4013842514023387,0.0008967828096023774,2.3919749483391917e-08,4.110421385473639e-10,1.6576302256151582e-12,3.978752377083858e-23,-1.5898836487297382e-16,1.7004127487905606e-23
A,26267,0.16889080094359835,0.001330460745708393,1.2008679107977917e-07,1.0670277721021012e-09,5.0283462025311794e-12,-5.748762178966027e-23,5.749911045415871e-16,3.638062582258151e-22
F,23993,0.18991240246303834,0.0016205325827792353,3.30261932782818e-07,1.120062579913122e-09,6.022123244524129e-11,5.532166445306737e-21,-2.735764268242544e-14,-1.4629241559680377e-20
F,28574,0.6349583273234123,0.0013771579371881898,2.536942772247821e-07,8.502528694544231e-10,1.1938236368319905e-10,1.4315659844164696e-20,-1.9061264418466744e-14,-3.52381760976072e-20
A,26934,0.22927577173340782,0.0013250001104295008,1.5014985891961758e-07,1.009341496209981e-09,3.8094382323400475e-12,2.3212833077880013e-23,3.3841403350585206e-16,2.350733086481105e-22
G,33845,0.23371171542547023,0.0012691702425978036,5.0366442346550955e-09,3.139371293469532e-11,1.5462014856522317e-12,4.8355139839197895e-24,-1.0898294558801983e-16,-9.626353479474549e-24
G,28626,0.19826010850180179,0.0016226982812485445,1.4215257864747312e-08,1.589061169930728e-10,1.9054545574295784e-11,4.244173481183014e-22,-2.243914421124428e-15,-9.58760128329243e-22
G,20601,0.11044543873657169,0.002010654823031988,4.41786511759177e-08,1.027303715588357e-10,1.0395112637650346e-10,-6.851797406507089e-21,-8.27795218552937e-15,-8.27331435547756e-21
G,19417,0.134280271365322,0.0026457517325622357,2.622958555574093e-08,8.932321341332083e-10,5.30438604347272e-10,-2.1314132295556485e-19,-8.05137889130799e-14,-2.964505344668376e-19
G,20689,0.08528268890190405,0.001953045403535128,2.1453117212476012e-08,3.529003799535958e-10,6.907321562987759e-11,3.2491292345429265e-21,-6.536308593769271e-16,1.0283167969894522e-20
G,26911,0.16607021733866173,0.001709677817485948,1.500570935361656e-08,7.654797740901112e-11,7.663469229103329e-12,6.24842541179983e-23,1.290167845329203e-16,1.747780415523301e-22
F,31963,0.6601888625028964,0.001124198962696804,1.850000102895278e-07,4.009843289537442e-10,4.828707441482879e-11,2.4769683383667418e-21,-7.561046053674436e-15,-6.245855533585713e-21
A,41213,0.5262847051915166,0.0007480871155638861,5.8581049712771316e-09,1.1199607858725205e-10,2.336773627768762e-12,-3.563414088865288e-23,1.7872626598044014e-16,1.2620440157936095e-23
A,17099,0.1301290685006147,0.001739956627304841,7.150782453834621e-08,3.900859242298754e-09,1.1776620919383235e-10,3.3434061200831746e-22,1.061450203312333e-14,7.981920049842246e-20
F,24338,0.23166194239534246,0.0016012017628150269,4.057486835515925e-07,1.652588943831659e-09,7.510649029822338e-11,1.0130192822889072e-20,-3.146392613592362e-14,-2.444461319656184e-20
A,49164,0.48383823704624823,0.0007230734313641298,2.6957333237852795e-09,1.1135722630859723e-11,7.904340037535052e-13,-2.2937735724928957e-24,7.922034458042337e-18,4.878545316622709e-25
D,29947,0.36242222193265555,0.0017196391228722478,3.7252633421277716e-09,2.4828408601323384e-10,1.3513359992379253e-14,7.692076573941981e-27,-7.875040317604883e-19,2.3526991338313726e-26
S,26327,0.10406592554163596,0.0015382224384132438,7.659084428734856e-08,5.798164347335009e-11,3.364120312732617e-12,-1.939376489847257e-23,-9.218018551874706e-16,4.279490716623351e-23
D,23180,0.1731583119819509,0.0021192503460169135,7.52855238949579e-09,8.211739638742904e-10,5.302626537129048e-12,3.3887909974903796e-22,4.566793119116615e-16,8.715916072208781e-23
S,37153,0.23854390399110073,0.0010622867229887433,1.1132053564823268e-08,6.399185999175949e-12,5.258672243855479e-13,9.435357828819962e-25,-5.203532369927782e-17,-2.0079539301222528e-25
S,46383,0.37303421965172573,0.0007681388729847702,2.107887324082958e-09,1.0599023240850792e-12,3.921413403281744e-14,7.377004817756075e-27,-3.457328462402575e-19,3.0811469081419337e-27
D,30293,0.40292073640195264,0.001762321639150623,3.1563998665444576e-09,1.8098916335398124e-10,2.0394533111938885e-13,-2.136409059388425e-25,-1.1271899307436339e-17,1.2205161913834713e-24
D,43862,0.4324246182941095,0.000903052944152278,5.1553674307042985e-09,4.1391125841431605e-11,1.0408713904533862e-12,-4.2625357100655435e-24,-4.951013119590821e-17,-5.339223509676654e-24
A,23228,0.15827857860273536,0.001232105052668153,1.6987531418013025e-08,1.585841867041702e-09,1.1664690536003832e-10,-4.9544212973448397e-20,-1.143273507655087e-14,-7.896181355918872e-21
A,22155,0.09701855599843585,0.0016487086485711244,6.358435798308431e-08,1.475061733667962e-10,7.720094281080199e-11,1.1701553166212848e-21,-1.974210995802771e-15,8.154799906894177e-21
F,47508,2.8837248407051104,0.0007655213362247565,4.348963780561337e-08,5.855313607841819e-11,3.94676259197215e-12,5.1471596541945747e-23,-1.4915973781708253e-17,-3.082907116474502e-23
F,26340,0.1325902106962909,0.0012115655496158376,2.4932416164415137e-07,1.1288866642274828e-10,3.3388826082120715e-11,1.2039536760382638e-21,-2.3329088353794055e-15,-1.6590580829920207e-21
A,29420,0.29263071601363877,0.001044117108427755,7.858274486371088e-10,7.10650003749115e-10,1.9844360705617025e-11,-2.318324188865909e-21,2.954472097315319e-16,-4.2293864514118183e-22
G,41180,0.4052652062802966,0.0008154055676989731,1.6596313561474317e-08,2.659718300167624e-11,2.8105449025219592e-12,-2.1083804131313122e-23,-3.5988433348303907e-16,-1.2081223793882754e-23
G,28626,0.19826010850180179,0.0016226982812485445,1.4215257864747312e-08,1.589061169930728e-10,1.9054545574295784e-11,4.244173481183014e-22,-2.243914421124428e-15,-9.58760128329243e-22
G,27487,0.16182170570207113,0.0016231211600481392,1.0269980410385756e-08,1.6959395290478216e-10,1.6242540628867178e-11,6.953704340475361e-22,-1.2413450057223421e-16,-4.931415143349897e-22
G,38399,0.3436315869755758,0.0009312088518609748,4.076545992231257e-09,7.144585013677702e-12,6.211750887171835e-12,2.539677783233683e-23,3.819595951005283e-17,-3.267198202369791e-23
F,41645,1.5084889765537044,0.0008849431135582233,9.082916271432829e-08,1.6702809085452112e-10,1.1025480698109225e-11,9.39799254678638e-24,-1.8953187138689518e-15,-4.730481723457404e-22
A,24556,0.21645062049934474,0.0012815372533977278,1.0062555293005395e-08,1.4022169118494808e-09,5.0294547057348596e-11,-1.284656776890662e-20,4.700594540481109e-15,-3.6549604491812494e-21
A,18464,0.17273040192150993,0.0015533984036053057,3.908197347422729e-08,3.1191317394202916e-09,1.7767166744364747e-10,-8.975228478570764e-20,-1.1606810496686042e-14,9.715190346616823e-20
F,27210,0.6434033964573924,0.0014184649264767381,2.640508570161579e-07,8.767447480934222e-10,1.8923657774296462e-10,6.062423049881681e-20,-7.074884880651799e-15,-4.760354730855252e-20
A,24298,0.21780958471319392,0.0013022787607398563,3.4911359324457273e-09,1.5255440601801196e-09,5.089588926808827e-11,-1.1634727567932858e-20,2.6821010248598586e-15,8.10933242034069e-21
D,24243,0.19781201300704926,0.0018593397545490873,1.2796866155349502e-09,6.808766467678426e-10,6.709785635060721e-12,-4.4685905751252975e-22,-1.8671419171519972e-16,7.744725598910546e-23
D,38841,0.5894099758873621,0.001228914407042763,1.016403477534708e-09,5.028603876116028e-11,6.627729224000311e-14,-5.247025106334166e-26,6.520958383410327e-19,-1.090270317679596e-25
S,20062,0.14645911988845559,0.0019292796458145077,3.3318186075794974e-07,2.50225968668633e-10,4.82866574030989e-11,5.250431111298852e-21,7.211176084067534e-15,-7.776387148051697e-22
S,29822,0.17532824460496707,0.0014228966179389755,2.361495624800818e-08,2.0295324425710085e-11,7.478490623703729e-13,2.7598317168074956e-24,-7.84999642999089e-17,9.337900551159297e-25
S,44873,0.34417159947396186,0.0007647812894812903,4.370642699893921e-09,1.0130103178888148e-12,3.836287698555924e-14,7.544085315479251e-27,-3.6758334936544614e-19,5.294990210167031e-28
D,33350,0.4682992146624693,0.0015299422866957985,8.276719870369471e-09,1.307063984077797e-10,3.050044849299026e-13,-1.0745144979613818e-26,1.343544068199912e-17,1.925754856588942e-24
S,25633,0.2051668353225164,0.0016574815726867085,1.332730629827727e-07,1.2187597354068986e-10,5.766044901840753e-12,8.038556975480093e-23,-1.9904100931073704e-15,-1.3000933441287821e-22
D,30413,0.40203132622696175,0.0016882658032997214,2.0049508932041097e-08,1.94259946557869e-10,2.8114625325358764e-12,-5.693466100726785e-23,3.842326707876636e-16,-3.27936831812787e-23
A,30733,0.33049388785959866,0.001032394200681558,2.99799582313364e-10,6.794091206793353e-10,1.9403977419508716e-11,-2.22755307765464e-21,2.9660429388690956e-16,4.105974111677318e-23
F,23437,0.21625699898357056,0.0014064164538410077,3.0561255597796624e-07,1.3290399519486264e-09,3.1425754930947935e-10,1.8018761364543199e-19,-1.551924296692932e-14,-9.37000131642234e-20
F,26980,0.23195258006049915,0.0013699836565897517,1.8451703543749843e-07,8.715175065022053e-10,1.2241779841267088e-10,1.6201195318099915e-20,-1.3414256477684548e-14,-3.6556517325788403e-20
A,18143,0.15859175254908592,0.0016971687187947362,1.007427839157837e-07,3.487452975284437e-09,8.785422235422731e-11,-4.013049227157618e-21,1.0573705949338158e-14,4.846344566648044e-20
G,20350,0.08943078901458312,0.0019132141243683243,7.719984037431787e-08,3.398602429701693e-10,8.397673688717399e-11,8.19636486691315e-21,2.1496389794470423e-14,1.157967254151035e-20
F,32834,0.5376819352597281,0.0009369353045091846,3.1188440451241893e-07,1.3188789011091262e-10,1.605458409914316e-11,-3.583626368469846e-23,-5.47220403247424e-15,-7.378863469851487e-22
G,49956,0.5726696372780435,0.0007119542319300751,3.894404487219284e-09,1.561343412599746e-11,7.74904204809444e-13,-2.6895262401750855e-24,-3.356630632587934e-17,-1.77661229389656e-25
G,25523,0.10342436724987164,0.0012600451460787444,4.975396391480785e-09,3.507263709288866e-11,4.788008530918164e-12,4.924374472538517e-23,2.7450559753587907e-16,3.7746645974076323e-23
G,33393,0.22855288676640886,0.001260700734056961,6.7010773798032056e-09,3.1696682453161556e-11,1.5691953880612537e-12,4.6105385601939455e-24,-1.1715609924694838e-16,-1.0060676389869155e-23
G,27175,0.17983780022645435,0.0016914041450623103,4.011639603514507e-09,1.7546432751733882e-10,3.4560018559720704e-11,1.2597028226567533e-21,-1.3288074711575394e-15,-2.3782387567859825e-21
G,28204,0.16927136945508692,0.001609339939314884,2.4271894287947467e-08,1.5122897763244516e-10,1.6532840308512246e-11,2.881145140116917e-22,-2.568029706553053e-15,-7.7485088179345015e-22
G,26030,0.11425713100299884,0.001241852390526764,1.1875448292611066e-08,3.318050262742336e-11,4.04397540518201e-12,4.0196146183899194e-23,2.5698091433211217e-16,2.4054788712499956e-23
F,35730,0.3473137289423348,0.0009165553750523105,1.3071914018162972e-07,1.5897285998764062e-10,2.340959723997698e-12,-4.236258712502078e-23,-7.858062452514048e-16,-1.5646803882964727e-23
G,46896,0.5176268864529985,0.0007159910216992388,4.594158539660561e-09,1.6298517710884387e-11,8.555835426761375e-13,-3.15383311709137e-24,-4.56564421258499e-17,-5.110894499107464e-25
F,22715,0.13765678458003885,0.0016253168323227762,2.545556617325171e-07,1.1848734393485592e-09,5.100175012560856e-11,5.656036223876032e-21,-2.0578360783280895e-14,-1.1189284262045371e-20
A,24170,0.17618018522900422,0.0012112409558934641,4.562891980142043e-09,1.4784835148581545e-09,1.0539103752578175e-10,-3.725161103823293e-20,-5.828690907742385e-15,-1.8521347695858064e-20
A,43726,0.9243593922415667,0.0007498214685041906,1.3064392368033729e-08,1.0573296439858416e-10,1.6028256376074988e-12,-2.08623388868167e-23,1.8319472789825185e-16,-3.789367048533446e-25
F,44677,0.5111769964761348,0.0007593209503973773,3.4013952615122414e-08,6.048133979636228e-11,4.057978741027068e-12,5.715166822079725e-23,7.863835388767726e-17,-2.784353441012103e-23
D,48104,0.7173080297145134,0.0008405413645522441,1.2544667812672508e-10,2.6656098291798176e-11,1.368608302797333e-13,-1.5752206187441593e-25,2.2505628033732604e-19,-2.0861535693997396e-25
S,22692,0.18133747572745734,0.0017483787668916674,2.7809136085655474e-07,1.414498636906346e-10,1.2535146209527192e-11,3.005555345120113e-22,-5.242145112663123e-15,-4.3390384912416e-22
D,29487,0.23119212800052466,0.001629333887423016,1.4106275860062134e-08,3.2384091620404093e-10,7.736643754350816e-13,-1.1940221005797188e-23,-8.917526882671655e-17,-2.719556288070918e-24
S,40230,0.6899416567708827,0.0007987109041157436,1.4983937047522526e-07,3.264387361497047e-12,1.623149516294747e-13,-4.9925911354728653e-26,-5.393065995049544e-17,-1.0708473928204543e-25
S,31279,0.1661690179292093,0.0011316574362821735,5.178840291862167e-08,7.151482618288993e-11,7.135388010555297e-14,1.543703752259005e-25,1.5529675583883978e-17,-4.637207064958096e-26
S,25883,0.1855446797967904,0.001637329629176424,9.496257628308974e-08,1.0280997715806454e-11,2.2387072833148404e-12,1.015272557937446e-23,-2.2125867364506887e-16,-3.5035286811933466e-24
D,31920,0.4343361439646145,0.0016148271946142393,6.0949775640429845e-09,1.7078298481177305e-10,5.909015751271207e-14,1.8764970616643673e-25,-1.9927090907058304e-18,4.885383668802557e-27
D,54955,2.7403727604010584,0.0006748546025365872,1.0941817537146625e-10,1.2744208731230909e-11,1.4662975356616162e-13,-2.0039060264618852e-25,-1.5311646502100265e-18,-4.5565608496936646e-27
S,29216,0.21263751559086064,0.0014494312718711917,9.179369387993505e-08,5.6225901418662566e-11,3.409136386315099e-12,1.3490190915538877e-23,-1.0180388616915068e-15,-4.523030691591005e-23
A,17048,0.16600709047807602,0.0016952346922444851,2.430566110163547e-07,3.488598475612579e-09,1.0884125761343076e-10,5.91489272543855e-20,-4.425055221104749e-14,-3.161535466828422e-20
F,25797,0.23681398402996826,0.0014256499184796298,2.002652564646284e-07,9.013866370804837e-10,1.3201208647311192e-10,2.3743947351400398e-20,-1.076595173032177e-14,-3.8858138388218336e-20
F,29146,0.6274832068852835,0.0013272073594227988,1.9083270047691184e-07,6.157463594951446e-10,1.3941250637171212e-10,3.3950784502614014e-20,-1.0830452117246702e-15,-2.271058453848315e-20
A,25189,0.25010118273982673,0.0012736205589384594,1.6157126173229862e-08,1.3262640026744207e-09,4.429804862812735e-11,-1.0715218335044323e-20,5.5935630686147125e-15,6.870274790173422e-22
F,25282,0.26019367488153694,0.00139029286202553,4.0281975406432285e-07,5.281131782266454e-10,8.667448368057666e-11,8.11666637679794e-21,-3.2757068622431425e-14,-1.6673178408356786e-20
G,24670,0.16985108108983107,0.0018825977493177662,3.89295179751163e-08,3.299977756308942e-10,1.1507517371571702e-10,-1.421239056640888e-20,-2.0824333911755816e-14,-1.7345840681410907e-20
G,21315,0.120486923168821,0.0019577613277805732,3.888310678148569e-08,1.0442805571479457e-10,8.397588084144465e-11,-4.693794093820786e-21,-8.443988651134937e-15,-6.3095104761487754e-21
G,28801,0.25008415513181476,0.0016163129952358238,5.076469865403308e-08,2.9216846287071026e-10,7.670111597216112e-11,-4.258246744652807e-21,-1.5047358275603904e-14,-1.0663238726863258e-20
G,20602,0.13077690408604134,0.002288047343562584,3.482702697593726e-08,1.5562257381472646e-10,2.2531062243702376e-11,1.3294935825961414e-21,1.0759482758670841e-15,1.1152107647348647e-22
G,23598,0.14481241402568354,0.0019807271516513302,9.118427137506374e-08,2.204706036447408e-10,1.005968765377066e-10,-1.3319103014182127e-20,2.2539694019106763e-15,6.858827954126796e-21
F,25621,0.12043991115992718,0.0012190546813122638,2.539317797104438e-07,1.0222767304217029e-10,2.6559551321642728e-11,5.404739659996155e-22,-5.940359245091714e-15,-1.2740333014518332e-21
F,29530,0.3284027475461949,0.0013841323934534028,2.890254704094267e-07,8.918636874438166e-10,2.8790423015288737e-11,-3.0654537266022818e-21,-7.716811107829682e-15,3.447676387777973e-21
A,23383,0.22689533643301737,0.0013442055078543617,1.6468363014871406e-08,1.7028355964595066e-09,5.776541743611936e-11,-1.8097558910402144e-20,7.204585767963554e-15,-8.408316191677038e-22
A,54268,1.2253947784071682,0.0007165821307417541,1.309733597231108e-09,1.0993406157153523e-11,8.020352813080332e-13,-2.357444301364039e-24,-2.882394184845933e-17,-3.378595541473226e-25
F,27455,0.16592078405571659,0.0013843918695773641,2.5675184697093676e-07,9.029783009551686e-10,2.5392646534789755e-11,-2.8519636428705434e-21,-7.373107418220617e-15,2.5788793464205222e-21
S,29216,0.21263751559086064,0.0014494312718711917,9.179369387993505e-08,5.6225901418662566e-11,3.409136386315099e-12,1.3490190915538877e-23,-1.0180388616915068e-15,-4.523030691591005e-23
D,31182,0.41559983973644304,0.0016357643432134631,3.914585079416804e-09,2.1597922386513767e-10,1.0702691220809212e-12,1.0061862454553329e-23,5.565259660430028e-17,-1.2788371736846581e-23
D,31920,0.4343361439646145,0.0016148271946142393,6.0949775640429845e-09,1.7078298481177305e-10,5.909015751271207e-14,1.8764970616643673e-25,-1.9927090907058304e-18,4.885383668802557e-27
S,31641,0.18859354846783888,0.0014054848548346462,4.7839072822363654e-08,3.7604020352636917e-11,8.561063547074128e-14,1.3916626792839942e-25,4.2493455153064695e-18,-6.502008807848194e-26
S,27595,0.20935491856177058,0.0014762816868481936,9.868441362220374e-08,7.569162171163454e-11,6.025191410078643e-12,6.005715893747149e-23,-1.6730916286904653e-15,-1.1379510480585907e-22
D,29359,0.216304108770553,0.0016205066280931824,6.131790173752202e-09,1.9499322603228776e-10,4.545749383696071e-13,-2.8839575999700004e-24,-1.459985316075885e-17,3.162121821209067e-24
S,25785,0.10927245629465888,0.0015208698873634455,6.89016922486456e-08,4.955950746693489e-11,2.793767073315972e-12,-9.81037158126044e-24,-7.297720147730688e-16,3.137575070140119e-23
S,24515,0.12822667038960048,0.0017890006270257245,1.7104695798444495e-09,4.9913581227082305e-11,6.841377026245917e-12,8.769301124129244e-23,-4.891194129511684e-17,9.106374028477859e-23
D,28129,0.215746727912176,0.0016937365774596191,4.036772664844231e-11,3.58633038145258e-10,2.930889514234589e-12,-5.05892051244739e-23,-1.2594605934442778e-17,-8.043580731944367e-23
D,48773,1.236642065579279,0.0008640007452746655,2.472973827895622e-11,1.9349521749789327e-11,5.5883322533815263e-14,-2.4257343986875674e-26,-9.559714654602451e-20,-5.280597595591502e-26
F,21619,0.23291526604237905,0.001526358536240083,6.674493318831558e-07,1.3167121590957386e-09,2.5903029579614966e-10,1.116466324412774e-19,-6.596834804829393e-14,-1.0207638099828353e-19
A,23026,0.22382440309617133,0.0013686473318419226,1.4173229093328113e-08,1.8344185304105254e-09,6.015729994473966e-11,-1.9966199507301196e-20,6.916996727082365e-15,-8.425197550738405e-22
G,25541,0.10039514982475377,0.0012684143079936573,2.9641738658473296e-08,3.329130150659572e-11,4.145159820464531e-12,4.022270390549789e-23,2.5022612380847454e-16,2.744558226333907e-23
F,23863,0.2114031150015072,0.0015191342274654,1.7534520592540114e-07,1.1561460935930421e-09,1.8303039896994216e-10,3.778894676529071e-20,-2.934541549182347e-14,-7.523930735784799e-20
A,23909,0.10582090359824017,0.0016031750580776647,5.041042973813852e-08,1.3622707016633212e-10,6.829053180508797e-11,2.1059652680841885e-21,-2.8898235344071476e-15,6.24102873195763e-21
A,26647,0.2742417868273204,0.0011745704236519894,2.1048008198873334e-08,1.0260107807941821e-09,2.232410812312447e-11,-3.325046148922491e-21,3.161408201727531e-15,5.991869543106796e-22
F,26286,0.13573291336663593,0.001217504692205236,2.461625534240073e-07,1.2223361182915269e-10,4.3173358407660356e-11,2.316800372502621e-21,2.9083661353865958e-15,-2.11397268258264e-21
D,44571,0.43631728919746343,0.0008656520516507278,2.4520072310595954e-10,2.1423358313573583e-11,3.974321467212813e-14,-4.008957481387966e-27,2.0922786865910352e-19,-3.645252481012432e-26
G,23598,0.14894675065341503,0.001977043345125308,8.833269140339e-08,2.1575308765564606e-10,1.0097785200846518e-10,-1.3728590614554003e-20,-2.6275146464697432e-15,5.802604364186537e-21
G,38741,0.34148531881271843,0.0009180089144612273,4.206944309381086e-09,6.67872666371776e-12,5.682773088521211e-12,2.411880065074815e-23,5.403956226669707e-17,-2.5376296883778524e-23
G,21578,0.09039101797860216,0.001873917673425434,2.0660025604264754e-08,3.0202089623100214e-10,6.050943134624425e-11,2.370080964478979e-21,5.018238796191703e-17,7.829115817491622e-21
G,21907,0.08897358571051191,0.0019114614214533901,3.937035813497776e-08,3.106714650523412e-10,4.9079643830400995e-11,-1.265624700026107e-21,-9.489122737143471e-15,5.926794702970305e-21
A,26484,0.2236010207946038,0.0013584927165881558,1.5121987507462643e-07,1.1099400067663802e-09,3.656251253705928e-12,6.489844507710937e-23,1.5245336242470118e-16,2.2369437556779545e-22
D,22702,0.14068701162612732,0.0018192216904430948,1.1589914401861913e-08,6.976859835771527e-10,3.3983912672682608e-12,-5.0174917482855155e-23,3.419395544740952e-16,1.5768773406240378e-22
F,18754,0.12779216734612103,0.001882974019686395,5.468565477903628e-07,2.203159346933704e-09,5.59605992360581e-11,-1.0149407926914951e-20,-3.0294518834435246e-14,1.6825084032535553e-20
F,39253,0.3788885049597011,0.0008748850441237257,7.101278584711305e-08,1.6809952495640688e-10,1.1822111219825973e-11,1.567985810540738e-22,-1.077562199628589e-15,-5.031526927890185e-22
A,19564,0.19253541757328127,0.0015129347650913035,3.4146613186466144e-08,2.8238784929198054e-09,1.508542598017734e-10,-6.135995775802019e-20,-3.897868093278779e-15,7.700199084327381e-20
A,24978,0.2415226263507721,0.0012826218510736168,1.4865751208402882e-08,1.3730645744974617e-09,4.169728232007714e-11,-9.951123923850595e-21,5.0439405469608096e-15,7.203693581406504e-22
G,27458,0.15967763632239998,0.001604471343151381,4.515583614621089e-09,1.5971632251424945e-10,2.2901843488748735e-11,8.333814042523365e-22,-9.35183560201157e-16,-1.1063318882185485e-21
D,25168,0.2661984812912984,0.0021865688380403496,2.470026083362315e-09,4.1379602351422385e-10,9.837045574580615e-13,1.9738371351336195e-23,-4.800284243341025e-17,2.0716180577952914e-24
D,22434,0.11179325037059022,0.001999789639507501,1.2077060473681915e-07,4.857431634877437e-10,4.146794201631755e-11,4.550576534465828e-21,8.506465568011323e-15,3.732232878927933e-21
S,28676,0.175483405919079,0.0014489469533299766,3.031522638651794e-08,2.7984420915989488e-11,1.349866187835725e-12,8.28927494746109e-24,-2.7993190445564e-17,3.458591904087547e-25
S,42985,0.3026313246588199,0.0008294102142492978,1.1164754196099712e-08,3.640829367976962e-12,2.6695944765655475e-13,2.331553212419153e-25,-2.4428326627430225e-17,-1.220948991696166e-25
D,29903,0.2223504026515872,0.0015881537244176957,1.4772072811918776e-08,3.1567921174808967e-10,1.656760662286714e-12,-3.072088381643397e-23,-1.8150492156846644e-16,-2.2176572744595822e-23
S,25173,0.1467887352879891,0.0015507034246491943,6.104909077531851e-08,1.5597259571123016e-11,2.367302563856204e-12,7.3890895073088e-24,-5.841421430698396e-16,-1.2341991571671869e-23
S,18939,0.16417761190918723,0.0019913924470028187,6.979640329587893e-07,2.437423751271528e-10,4.419384621322438e-11,4.3008768387525975e-21,1.8408239363215683e-15,-1.594063724276527e-21
D,39247,0.6088794413601907,0.001210917773991499,9.869511941779014e-10,4.521434153061675e-11,4.632300969270909e-14,-3.1567574578826017e-26,4.747472550556569e-19,-5.914249202626344e-26
S,27316,0.18668421116562417,0.001539827473214967,7.963614102959945e-08,1.979698821719425e-11,6.862909927061463e-13,2.103995837448939e-24,-1.2816176862547483e-16,-1.4044134091195532e-24
D,25016,0.20812486372444144,0.0018067329079340905,4.109157111732451e-09,6.528131802693733e-10,5.755448726754478e-12,-3.466990238407853e-22,-2.597066439874146e-16,-6.525976548916409e-23
G,38876,0.3325723948658541,0.000923656313289488,1.7065362159269018e-09,6.152241819575964e-12,5.5492588025285585e-12,1.9252247468830397e-23,-4.554445790160688e-17,-2.608982985868148e-23
F,31287,0.3106481283251006,0.0010987299880536364,1.3873356267034667e-07,3.8316815050948914e-10,5.320052573258372e-11,4.085491012520537e-21,-3.4155543432194313e-15,-6.4034076839612325e-21
F,18932,0.12242801619105854,0.0019404004102002814,7.771490387881717e-07,2.3539803192332577e-09,1.0416485512876517e-10,2.2268282406932078e-20,8.744595059416317e-15,4.652572668805628e-20
F,28127,0.2529870693439383,0.0012813122245706795,1.0916490881866848e-07,5.46937934985522e-10,1.266572269189122e-10,2.7367674081247937e-20,-3.439530321606422e-15,-1.903422872585506e-20
A,24610,0.21986297474141775,0.0013319102211610152,6.91663094096642e-09,1.5944150662175164e-09,4.773137724926762e-11,-1.2945591319300418e-20,3.868233881539438e-15,2.407772755258523e-21
A,32389,0.39429383585901095,0.0008992606381436634,3.2491009047561624e-08,4.092261079828233e-10,1.716407007412927e-12,3.803524733803707e-23,-2.799291563107781e-16,-2.4952421796898097e-23
F,26244,0.24764426529623595,0.0013904071090588299,1.5395054262446353e-07,8.338939299836171e-10,1.7707549782183344e-10,5.43014838790522e-20,-7.43265963109929e-15,-4.1004934677286534e-20
G,25149,0.17086486514950197,0.0018454038105131998,1.9672886739022112e-08,3.2802269778395367e-10,1.1697371845213325e-10,-1.183322003367612e-20,-1.6295433490917007e-14,-1.962106938737961e-20
G,28393,0.17570795240554016,0.0015555515490184935,1.0767371924794103e-08,1.4895491142047574e-10,1.2918132203365788e-11,5.001676675107619e-22,9.900719387603805e-17,-2.6635020378072546e-22
G,29806,0.23222347481653513,0.0015752885489666575,1.2201183442144882e-08,1.3926158468641373e-10,1.6529322864065794e-11,3.0026804539988376e-22,-1.809031555705922e-15,-7.340032125134919e-22
G,41865,0.4664573343211887,0.0008098637684378822,1.6316286398291363e-08,2.6261507991982264e-11,2.7310265098086943e-12,-2.0233491994354826e-23,-3.4611099155639785e-16,-1.1204300962591274e-23
A,22008,0.2162047502080009,0.001450872639088569,9.798858811261919e-08,1.8555867859889619e-09,3.3935009057490625e-11,-6.883449505246539e-22,6.726435679686657e-15,8.487681374305936e-21
F,25108,0.1751930818080373,0.0014583900735567852,2.1174019315305803e-07,1.0094707757646109e-09,5.022693013668359e-11,7.133641606145174e-21,-1.0836795795807246e-14,-8.776155708051328e-21
F,37744,0.35616084245317514,0.0008934917506950997,8.83455096590566e-08,1.6008815839525375e-10,3.0500926746436575e-12,1.133371682230342e-23,-6.800484818306499e-16,-6.643855958316822e-23
A,24610,0.21986297474141775,0.0013319102211610152,6.91663094096642e-09,1.5944150662175164e-09,4.773137724926762e-11,-1.2945591319300418e-20,3.868233881539438e-15,2.407772755258523e-21
F,41667,0.5153247870099754,0.0007773551205402464,6.203562564181912e-08,6.031812231658287e-11,3.36563658008412e-12,2.990139040114243e-23,-3.1450489737892927e-16,-3.748989029901261e-23
F,29093,0.32599163096258554,0.001158074686003683,2.6986765701232766e-07,3.8834844132102785e-10,3.7897490610629825e-11,-9.490420224401666e-22,-1.6064385593040917e-14,-4.49853148862068e-21
G,42594,0.44075282191759463,0.0008058237138113243,8.204659225687715e-09,2.4614925770334634e-11,2.6724677945413553e-12,-1.5457816380571423e-23,-2.4131686194792143e-16,-1.5194760587040225e-23
D,44356,0.5007919273785544,0.0008984124649748434,4.5243584476214486e-09,3.8883813940705713e-11,1.035790505935431e-12,-4.5928934459350305e-24,-4.826065416772122e-17,-4.702697778869069e-24
S,27952,0.223015629220214,0.0014739355955513214,8.649592292347438e-08,8.148287134203104e-11,6.439640305903621e-12,6.213316545856208e-23,-1.7214467378184347e-15,-1.3378745127640166e-22
D,30868,0.38176603848186624,0.0016996821525118466,1.9308655021126054e-09,1.5891030414484232e-10,1.813108377604543e-13,-9.674467935045361e-25,-2.6159818629786114e-18,-1.0586174965981448e-25
S,44964,0.42136424863310706,0.0007488932293630655,1.9746809874006622e-08,2.5259119969523605e-12,4.8896539937054097e-14,8.920937014780747e-27,4.365033616034054e-18,1.4687052383024343e-26
S,25353,0.20521218086373869,0.0017110983590064189,2.9936285990495856e-07,1.182572810145515e-10,1.95487922566316e-12,-1.0076319272305166e-24,-8.844234427178322e-16,-2.970599755221162e-23
D,36615,0.30265144327477284,0.0012138748730479085,1.5351129305445463e-09,4.721323822336818e-11,1.1679631276069953e-13,1.4824870431742327e-25,-5.645013181390387e-19,-2.3074967930498857e-25
S,27795,0.20015705718439464,0.0015008351629110387,1.7023959681972226e-07,7.056692803756944e-11,2.8463111310495443e-12,-7.849043302544934e-24,-9.719308845663971e-16,-3.956791891913945e-23
F,20433,0.12769960012572634,0.0017129120796306792,5.47837028061757e-07,1.1993298541434833e-09,4.6585421847355506e-11,-5.916794585532121e-21,-3.44299199578489e-14,-9.286737570388969e-21
A,18054,0.1802177603906639,0.0016061030951566458,1.5878076065653277e-09,3.75564996315707e-09,1.95497178227127e-10,-1.6745652579591752e-19,7.35770523697088e-15,4.419784694686274e-21
F,37005,0.6302080478889701,0.0008455544178217778,1.4959049409576038e-07,1.1558368915579822e-10,1.720757677230691e-11,3.60997782707807e-22,-1.1946940957415042e-15,-6.771999571930082e-22
D,41034,0.3786273710923682,0.0008999219619101035,3.423638132279888e-09,3.959083832384698e-11,8.955429783835872e-13,-4.3940779690305325e-24,-4.769950051263768e-17,-3.021113844876164e-24
G,38175,0.32983314370873756,0.0009247096139547353,3.5465076159788572e-09,7.277975520405403e-12,6.2023154648288175e-12,2.8240089604871565e-23,1.1437165916346113e-16,-3.0642891108445904e-23
G,29806,0.23222347481653513,0.0015752885489666575,1.2201183442144882e-08,1.3926158468641373e-10,1.6529322864065794e-11,3.0026804539988376e-22,-1.809031555705922e-15,-7.340032125134919e-22
G,24776,0.18943708661471498,0.001953711275053581,9.017300214182604e-08,2.027031381481885e-10,9.707680800132772e-11,-1.17501499725848e-20,5.037537450901097e-15,6.882984625970694e-21
G,41123,0.4422249747974579,0.0008141182329468124,2.172223417775185e-08,2.6099171753051005e-11,2.662177823183259e-12,-2.009093293226571e-23,-3.8524805580848974e-16,-9.42215141344291e-24
D,44465,0.3959089133248029,0.0008443594657812593,9.940284044921005e-12,2.72069734627628e-11,1.3362089779107168e-13,2.0200372225822663e-26,2.6561813308375175e-20,-2.5396991245069583e-25
F,22491,0.12105198660242324,0.0015978006065393239,3.8580907588749695e-07,1.6473934401992139e-09,1.0378179552097118e-10,3.014460645967115e-20,-2.214003333518324e-14,-3.054106569068372e-20
A,36652,0.5867324365442529,0.0008512695096081734,2.020501007829547e-08,2.730860306694836e-10,1.4671419579016128e-12,-2.930147490120367e-23,2.0820041238928235e-16,1.95902156889377e-24
A,25984,0.2703463352352819,0.0012130748479012147,2.1136408210186712e-08,1.1399908791386576e-09,2.8058579221021656e-11,-4.953918179135285e-21,3.972466438641433e-15,8.00730491328424e-22
F,22918,0.22836369771838053,0.0015388812692565114,5.383315977605547e-07,9.443669531388642e-10,9.117232828214273e-11,-1.2419032964150121e-20,-6.168134509931061e-14,-2.369526975116245e-20
S,29480,0.17915113795397933,0.0011749414938168814,1.6114173697263769e-07,7.260272898656451e-11,9.425732916008898e-13,-6.851051459870243e-24,-2.825557256646014e-16,-3.723218980717727e-24
D,28297,0.18808097283941633,0.0016622587437002973,5.395244219611946e-09,2.500535414841909e-10,5.2990957079786e-13,-1.3775592868092332e-24,-3.6181072344737815e-17,-5.942263836757708e-24
S,24817,0.16519073262044306,0.0017316549278508988,2.386800682271861e-07,1.168760987830002e-10,5.231679911797875e-12,6.309950563187191e-23,-2.5234092693802317e-15,-1.1293519098918236e-22
S,46388,0.34545955588440047,0.0007633553389256646,1.5035406638468409e-09,9.254081946792588e-13,3.0469702835017307e-14,5.0602629523885145e-27,-7.26399771577872e-19,7.561952726040193e-28
S,27478,0.16956922567098015,0.001625641083502648,4.526860073028919e-08,1.3537549536566315e-11,1.8525090141708737e-12,9.254226082600813e-24,-3.7573961217468687e-16,6.505419295138557e-25
D,27987,0.17740297648989853,0.0017103695420431818,1.6211985746467765e-08,1.7894474645144586e-10,5.389697960130232e-13,-4.578380812206236e-24,-6.148687838656092e-17,-2.656091704408372e-24
D,23835,0.17971012064891295,0.00205311983539266,8.310241541217239e-09,7.377570375619178e-10,4.658708351310245e-12,2.60179528273039e-22,3.4534267733720674e-16,-8.307616705674672e-23
S,27798,0.19777593790312661,0.0015006279381012744,1.7038978554873165e-07,7.084204597919089e-11,2.851914416965358e-12,-8.100132026972205e-24,-9.700098546195296e-16,-3.971934300946441e-23
A,17216,0.14825462458938718,0.0017929704463183422,1.1572236315185553e-07,4.10875937568272e-09,1.1262383452835487e-10,5.426697430104018e-21,1.1693515896682613e-14,7.642027299289234e-20
G,42186,0.30563751671953876,0.0009108255693840145,1.5335105885984197e-09,8.219017552255022e-12,6.384818327450726e-13,-2.996732188494012e-25,-2.4890676783196643e-17,-1.4315954973131798e-24
F,24346,0.21245892984526973,0.001450415456747253,4.1257829695882173e-07,8.927819616838196e-10,9.064491990169283e-11,-1.1743452329560793e-20,-5.287883346686506e-14,-2.295694134011648e-20
A,29989,0.304215627250938,0.0010464099627366442,5.662773655445521e-10,7.150644828201856e-10,1.8292398837513155e-11,-2.0902969285222625e-21,4.150524927835781e-16,8.639271571651576e-23
A,19029,0.18727031593753676,0.0015651770732670266,3.708692922260999e-08,3.140643691322128e-09,1.7690396949356343e-10,-7.537565789771315e-20,-7.478659685406928e-15,1.0819325467497785e-19
D,28127,0.14376102497579152,0.0012162715732335501,5.489875568435294e-08,3.877555407421735e-10,6.05067469923447e-12,2.8289298771260103e-22,-9.186300589490997e-17,-7.659544735004682e-23
G,27743,0.16673497163643425,0.001593704637251361,9.128789395073116e-09,1.6259679928395203e-10,1.2717947668090907e-11,4.634109270028022e-22,-5.220406349877328e-16,-3.460128238614961e-22
G,19505,0.12889239285074083,0.0025792126263460002,2.3812259825750938e-08,8.001595042674062e-10,4.882481084648531e-10,-1.6976874234473883e-19,-6.987584155595889e-14,-2.5359501984996485e-19
A,23198,0.09911335090375749,0.001680932575785638,5.42493539854782e-08,1.5162145883215821e-10,8.481938178655358e-11,2.8771608405238827e-21,-4.172838740580469e-15,9.17846128228795e-21
D,29317,0.2124016279729464,0.0016218899716635023,6.258898786401322e-09,1.9430902122534243e-10,4.567425189268588e-13,-3.404901231022196e-24,-1.797255590736858e-17,2.63076935880125e-24
F,25285,0.25975419378114417,0.0013907423640554667,4.043116003951536e-07,5.295197561788801e-10,8.687743073081175e-11,8.164638075706952e-21,-3.278350986872146e-14,-1.6749846548433653e-20
A,43315,0.9156709297658936,0.0007532365047302978,1.406265538138013e-08,1.0767318804547442e-10,1.5825322584283248e-12,-2.0654168626540553e-23,1.8765569269569555e-16,-3.836903634008874e-25
A,23307,0.15334871958720306,0.0012488142520064621,4.5011181932213555e-09,1.6389757185281897e-09,1.21457892256206e-10,-4.7587032806204235e-20,-7.215192389318509e-15,-2.5925041006044402e-20
G,20968,0.11602200526799868,0.001987924741543743,9.041269522897301e-08,9.28508251491386e-11,8.307108172877883e-11,-5.6543159720139506e-21,-6.892348567006722e-15,-4.610436491125757e-21
S,36320,0.222571559053988,0.0010740477099011108,8.724990346821026e-09,6.895289452925562e-12,6.618080274643343e-13,1.4131202738007639e-24,-3.2552519537198414e-17,-4.2374620048625284e-26
D,28120,0.15395716832806366,0.0012146807980512827,9.556493485443013e-08,3.7235725202798325e-10,7.17560431483815e-12,2.458609819332539e-22,-8.872309487437561e-16,-2.777157337474852e-22
D,22771,0.13838027687754623,0.0020756209934510465,3.193647324240356e-09,7.81647978882158e-10,3.718814008935349e-12,3.991987458668849e-23,-5.870740074149725e-17,1.9648477712799971e-22
S,29121,0.16774715287339909,0.0014592224883231352,5.29798052663499e-08,2.1497403932104625e-11,4.502555622329106e-13,1.3670130190446592e-24,-9.094239869468922e-17,3.0588526288836777e-25
S,48375,0.7796675064924925,0.0007134576888325598,2.189328142107041e-08,2.48974555289271e-12,1.0729981947995254e-13,4.751137586429931e-26,3.463277176758722e-18,-2.8608138423775974e-26
S,42584,0.28263077499760797,0.0008273436509898952,7.762291799563441e-09,3.744591817884799e-12,3.208599644090908e-13,3.100331120759739e-25,-1.868171081256293e-17,-1.6605470558346565e-25
D,31053,0.35461936756481993,0.0016385359459993721,5.751855808673322e-09,1.96757247653313e-10,4.908158263480036e-13,-1.127145473905416e-24,1.4414624368985628e-17,-4.689738958187877e-24
S,21680,0.153553843775818,0.0018456187421254395,1.471988456112307e-07,2.2349399306712293e-10,3.8933584646098236e-11,3.604616134776241e-21,3.586336560160919e-15,-4.433592102942382e-22
S,36317,0.228255373923766,0.0010805811723644128,2.0238657237752007e-08,7.318845859432476e-12,4.723833710566452e-13,8.71546411565467e-25,-6.454460709905944e-17,-1.090409528978907e-25
D,27938,0.1873260953695902,0.001587252241290953,1.9987321779130904e-08,3.154215271767842e-10,5.41178418473138e-13,4.4795762584202245e-24,1.8520789214344726e-17,-5.470539635045217e-24
A,18650,0.19298586957700944,0.0015527017688962987,1.772623635964952e-09,3.373789429870246e-09,1.7029433592714833e-10,-1.2901321897283108e-19,6.828507377270524e-15,4.154687587237392e-21
A,31959,0.40080662440886267,0.000909858724929705,3.585247284459424e-08,4.254868112172616e-10,1.7917013157050475e-12,3.8042528259376604e-23,-3.166609274753386e-16,-3.162344042592049e-23
F,23217,0.22889066533524097,0.0015125890552096684,5.080400242148029e-07,8.667341933737089e-10,1.3260212715083365e-10,1.8129602467595536e-20,-5.4440464372922884e-14,-4.1136151771144957e-20
F,21333,0.11392291217247145,0.001606387714637311,4.1836723428952706e-07,1.554580908739026e-09,6.484925763256884e-11,7.284813832692683e-21,-3.057290139988193e-14,-1.9258631253840463e-20
G,27878,0.1618997329226616,0.0016089791189676202,2.4052652417226674e-08,1.5598097758074265e-10,1.7524467495407744e-11,2.7912527920902577e-22,-2.6901359609618722e-15,-8.726745734187098e-22
G,27270,0.17508928651353367,0.0016940563352887605,2.6062408428737594e-08,1.737578334091573e-10,2.9557282631096964e-11,4.543099063993856e-22,-4.666580754156057e-15,-2.068916347219077e-21
F,36546,0.39083293091765015,0.0009035971267154489,1.250158728432304e-07,1.6893449689235582e-10,9.097380287177895e-12,-2.3615910249357055e-22,-3.120852472075919e-15,-2.672510104138465e-22
F,22131,0.21212894343462776,0.0016416939662579856,5.706168625261248e-07,1.2058558950368429e-09,1.363222417190055e-10,-2.031600426895249e-20,-9.42929828606184e-14,-5.14018473407687e-20
A,21437,0.20801245892804998,0.001511388755026453,1.0450866137969807e-07,2.084853529974091e-09,4.161327980379535e-11,3.612676925542325e-22,7.845282045337221e-15,1.2251717361436766e-20
A,37173,0.592395218082407,0.000839818616125175,1.9012793764199815e-08,2.598338673153186e-10,1.3437978332998765e-12,-2.5071742376829028e-23,1.8505668349499376e-16,1.3877488150140413e-24
D,28030,0.19675271545135056,0.0016975745870641437,1.518113059858259e-08,2.364955845371444e-10,1.7869109989294456e-12,-9.186279234766284e-24,1.7525225705054736e-16,-3.556662215573558e-23
D,26002,0.16528977047897103,0.0016859698517779375,9.037647456053912e-09,3.8524536696897215e-10,1.3740954483052313e-12,2.2945719157564197e-23,1.1082344345869673e-16,-2.1748706559407294e-23
S,28182,0.19203577157664403,0.001542051614155786,8.784176184537632e-08,1.9603434525161888e-11,2.6391624829893973e-13,1.6029281649638053e-25,-7.402699408261294e-17,-5.7849910422516535e-25
S,25753,0.1587015896709624,0.0015823581685838833,1.5207230338280558e-07,1.299127983905829e-11,1.6468138509316715e-12,-7.376417253339367e-25,-4.400172919585858e-16,-7.581353415228981e-24
D,31053,0.35461936756481993,0.0016385359459993721,5.751855808673322e-09,1.96757247653313e-10,4.908158263480036e-13,-1.127145473905416e-24,1.4414624368985628e-17,-4.689738958187877e-24
S,25939,0.10230259550592395,0.0015174777390801583,7.639489359693536e-08,4.815673210216268e-11,2.890069154577391e-12,-1.2874262523916116e-23,-7.983834724089284e-16,3.157092419216569e-23
S,23532,0.1303823366547533,0.0018098441522495642,5.894862346228155e-08,4.90334123171204e-11,5.25811090741824e-12,1.6896934796207056e-23,-5.151118556563783e-16,8.272072103660445e-23
D,23149,0.148206014441505,0.002211752212322026,1.7069453101285196e-09,5.032734860438582e-10,1.0934376085033475e-12,-4.1853168203934075e-25,1.6455357264550443e-17,2.5646919922351107e-23
S,32776,0.17434844567306643,0.0013661594655552296,1.527296490901643e-08,3.116570475742096e-11,6.288723393850255e-14,-1.8630751023985748e-26,7.684543964918366e-18,8.604658382780028e-26
F,29146,0.6274832068852835,0.0013272073594227988,1.9083270047691184e-07,6.157463594951446e-10,1.3941250637171212e-10,3.3950784502614014e-20,-1.0830452117246702e-15,-2.271058453848315e-20
D,22130,0.10276837120712798,0.0020263470671221502,1.0150967625817576e-07,5.112356816766239e-10,4.076427846563484e-11,4.94700479064784e-21,1.0063833964222472e-14,3.18712678483087e-21
F,23194,0.1729960280421026,0.001538417571809701,4.70949434502991e-07,1.0155213335671866e-09,4.5619215271485536e-11,-1.687073692844356e-21,-2.819906643038621e-14,-9.672956684232063e-21
A,54084,1.201829851436951,0.0007221335837350414,1.4958887981962205e-09,1.0995797287931998e-11,8.52884276705654e-13,-2.583265961093322e-24,-3.270982463400971e-17,-3.8536554229688824e-25
G,41772,0.32854963228487233,0.0009119017853100721,2.3084971725214306e-09,8.578878173611794e-12,6.596293908558394e-13,-2.6569574747604906e-25,-2.8660003740445926e-17,-1.5464948780737249e-24
G,26621,0.16428060108403678,0.0016932406218058615,3.254115238044286e-08,7.255844438960937e-11,7.133247036028779e-12,1.0844721838026221e-22,2.378113258727833e-16,1.207277822014415e-22
G,34112,0.21870613999847963,0.0012592447307052611,2.6775716464554347e-09,3.005185028664252e-11,1.6425802981785053e-12,5.974953480997013e-24,-8.408586992366885e-17,-9.873379429240736e-24
G,27825,0.17219292697792257,0.001601070562562134,3.064951960190842e-09,1.5647592818483585e-10,2.2183071127437045e-11,7.679814819029066e-22,-9.903967664316114e-16,-1.0574977676229015e-21
G,27359,0.2078873897616469,0.0016594835595010484,1.1122129932162082e-07,3.285982403346242e-10,7.641748519250233e-11,-7.139208300358379e-21,-2.3219233143497115e-14,-9.781036142035749e-21
G,20906,0.11385844870559607,0.001984577041400804,3.090646440171759e-08,9.921178145708906e-11,9.256660712015619e-11,-5.050441004938079e-21,-3.309300494042119e-15,-7.292754405301614e-21
A,16215,0.15596758810472816,0.0017720239153253242,2.745518927738379e-07,3.9976836587882205e-09,1.3890148677454902e-10,9.022219731751796e-20,-6.131751245788798e-14,-5.0728682359952147e-20
F,26229,0.1771588516417271,0.0014242349117394718,3.770561299508069e-07,9.221043683912441e-10,3.704849944838152e-11,-1.6821390717272166e-21,-3.0848443196345064e-15,6.637896729800082e-21
D,50174,0.728991882535388,0.0006765577570071622,6.887268775615638e-11,1.46305761707614e-11,1.4289360865943922e-13,-2.0577287786505183e-25,-8.706707308606744e-19,1.8572461408716036e-26
F,24106,0.6768349566422056,0.001456526308389281,4.1547853162119536e-07,1.3663690062686555e-09,3.492989161572903e-10,2.173622869068957e-19,-1.8177450395995852e-14,-1.0481111301160337e-19
S,48152,0.4435458383833028,0.0007400303736676861,5.755499451273468e-09,2.6783493340578085e-12,1.62582056500151e-14,-8.272628627054653e-28,3.3698684681423306e-19,3.2902726586927046e-27
D,30602,0.23108952198823351,0.0015190570762604293,1.5808587241564208e-08,1.4396407555420987e-10,9.690361092481049e-13,1.1312188863174087e-23,-3.239895622436763e-18,1.742183450476254e-24
S,31196,0.15843507378588245,0.0013891470179389822,5.708987077903517e-09,3.394159249664358e-11,3.559432818050319e-14,-3.003526834100796e-26,9.668024439328943e-19,-2.5070463597044667e-26
S,27475,0.11108180817372487,0.001492847727954574,6.186719944837491e-08,4.197812968326484e-11,2.5795954799862922e-12,-9.90166472296775e-24,-6.41010615721478e-16,2.4950549209871144e-23
S,31152,0.18542341254632627,0.0011279392548814175,8.715026346216302e-08,6.740944179314903e-11,3.753762597095032e-13,-1.847252134191519e-24,-9.065150806593481e-17,-3.9136336433724983e-25
D,29077,0.18830299500462092,0.0017054234007197204,5.0658753733329565e-09,1.761270441025893e-10,3.7199900265851917e-13,1.78206486904532e-24,-1.5793996362643016e-17,2.427136009714218e-24
D,48647,1.2334473287317815,0.0008739067908564763,4.7718503634720124e-11,1.9866816067829307e-11,3.3508965084291515e-14,-6.085668421938953e-28,1.3879384752923223e-20,-2.73336761348746e-26
A,21080,0.15918459981412855,0.0014869840271030505,7.077855953736697e-08,2.0832107955487833e-09,5.5191806752044205e-11,3.94436555138067e-21,9.6525148940103e-15,1.8294123922121195e-20
A,34723,0.3905504384809416,0.0008441235583270172,8.546528148625692e-09,2.784537791549094e-10,2.8086344757136562e-12,-7.848115063370205e-23,2.592157130695974e-16,3.170190821640794e-24
F,23975,0.23304916460656247,0.001616204659510674,4.2102789525197424e-07,1.6595371563489443e-09,8.423365477410928e-11,1.753296722624696e-20,-3.037938590082645e-14,-2.6161809983209838e-20
A,25304,0.2291439852486189,0.001273865915421648,6.857710513617392e-09,1.3928451385787245e-09,3.8999518743601883e-11,-8.934867678331801e-21,3.1563178765836694e-15,1.669509429010807e-21
G,28136,0.23793854859286998,0.0016652917664061264,5.676313975473249e-08,3.2156637822523505e-10,8.312190451773e-11,-6.212905604707653e-21,-1.6024475682919183e-14,-1.2086299006787709e-20
G,49688,0.585141279767928,0.0007176339216663718,4.296301686165987e-09,1.6870092995667937e-11,9.033180248873981e-13,-3.496928038790548e-24,-4.63126424263607e-17,-4.542184059784593e-25
A,25304,0.2291439852486189,0.001273865915421648,6.857710513617392e-09,1.3928451385787245e-09,3.8999518743601883e-11,-8.934867678331801e-21,3.1563178765836694e-15,1.669509429010807e-21
F,36348,1.0711838612475983,0.0008788704390309988,2.0786921593764443e-07,1.2299583351816112e-10,1.7592908347852976e-11,2.8793632400500136e-22,-2.3317283732735566e-15,-7.6604710988062085e-22
A,16121,0.12154843108794318,0.0017176808660321953,1.649771011655583e-07,3.839448953032297e-09,1.267560076013541e-10,8.500425824829806e-20,-4.195335924075544e-14,-2.4365884117375008e-20
A,25380,0.1694311501757536,0.0013184749791279732,9.10437805566472e-08,1.0736110180791666e-09,6.675102946438847e-12,-2.0558716273148777e-22,8.881080522272969e-16,5.263554439747332e-22
D,24323,0.26746785412965457,0.002287824980730005,2.204355269802987e-09,4.893688583061348e-10,1.3817454752718703e-12,-6.9777232103111e-24,1.1886927286057723e-18,-3.5246194920832763e-23
D,31440,0.23022358377451918,0.0015155904824768664,5.80959772675177e-09,1.475788490895957e-10,1.8112409401149023e-12,-1.444196973997097e-23,-1.165396498377561e-16,2.5852176255024324e-23
S,24914,0.17409879628720118,0.0016769522285493771,1.5170134355496129e-07,1.1611532999022742e-10,7.747432503775538e-12,1.1835811241211548e-22,-2.9930187108374746e-15,-1.999688183434814e-22
S,46028,0.9197834561837962,0.0007371843170775681,5.674876620207991e-08,3.483231744620117e-12,1.6139034358720272e-13,7.022312331059831e-26,-5.989792096067539e-18,-9.854544831292283e-26
S,29445,0.18878407282643153,0.0014967901516685978,4.196328912570506e-08,1.6089589732091766e-11,4.571621689633856e-13,1.236887647073788e-24,-7.906770988681837e-17,-8.601758543899154e-26
D,26664,0.17748501811627088,0.0016830277030761634,2.150393399308438e-09,3.9138367596738853e-10,1.0058006053775674e-12,-1.9257168615861883e-23,-4.5957986642030014e-17,-5.23407133196399e-24
S,25209,0.14154752996286907,0.0017635684421225372,2.0108214532523224e-08,4.840322017679364e-11,5.454213285552267e-12,4.424107137727179e-23,-5.972497659206949e-16,7.678776375807029e-23
F,26053,0.12552278028770505,0.0012198463174795985,2.5623518796345893e-07,1.1075409854862288e-10,3.441822788358048e-11,1.318372924409449e-21,-1.9579839514324677e-15,-1.6666119366810122e-21
A,25794,0.23477552820409633,0.0011988444752379203,1.4835217386096993e-08,1.1347582148011575e-09,3.5047256856859113e-11,-3.99773634837081e-21,4.268407364841155e-15,5.733079540781197e-21
F,26750,0.612205510542357,0.0014598502124905644,2.9892441563981127e-07,9.118620530956593e-10,1.3071433199239172e-10,2.1046856532976277e-20,-1.8438650729118372e-14,-3.991988390492834e-20
G,19793,0.13329691245131778,0.0025936539248426708,2.1052711523660498e-08,8.010573258517429e-10,4.792182280573956e-10,-1.693643956494625e-19,-6.25814877251282e-14,-2.4387307749872825e-19
G,23962,0.17281644436482696,0.0020197206843723843,1.0976128497391558e-07,2.17753726171873e-10,1.1130518877789683e-10,-1.4714278749512423e-20,6.952175875880563e-15,9.152044581435508e-21
G,24816,0.17212800083784502,0.0018968081236234741,1.664992792158435e-08,3.319301307093518e-10,1.2659931724418045e-10,-1.077633029972407e-20,-1.5901996094261404e-14,-2.360880381005596e-20
G,27240,0.16576904328110684,0.001687039867997126,3.7239651400642633e-10,7.271004844409363e-11,8.015282916749927e-12,9.639709091364351e-23,-2.277778888205308e-17,1.6777636323928357e-22
F,25444,0.5420917662078091,0.0015923276530626432,3.2295014930860404e-07,1.3276246043275176e-09,2.420448484889612e-10,7.748709378491532e-20,-2.379981192375434e-14,-1.132340807994303e-19
A,17621,0.16949151217967406,0.001599197738346441,3.0858690639351742e-09,3.806504183266043e-09,2.166470699500275e-10,-1.9274948437544966e-19,-4.504693623591285e-15,3.942351663681361e-20
F,41659,1.5349456787846827,0.0008815339274589716,8.926108978737983e-08,1.6227419484826243e-10,1.0922032687082287e-11,6.050377380558482e-23,-1.6886393498667567e-15,-4.558135764746359e-22
S,43634,0.30491397917619556,0.0008207788306662943,8.597460890342983e-09,3.288599682135687e-12,2.6933100548374303e-13,2.2163080087490097e-25,-2.043382553101801e-17,-1.2300136088038016e-25
D,23860,0.15254018757522364,0.0022126933090881014,4.026933435516748e-09,4.766063566348692e-10,3.35060963143937e-15,-2.880578180878645e-27,-2.0433616528282865e-19,3.103264098230624e-27
S,48147,0.43600203358225004,0.0007376139948899741,7.830204735681531e-09,2.4826983446826675e-12,2.0600605074334524e-14,5.220923907226079e-28,6.469655545047193e-19,4.629538221780252e-27
S,28119,0.20126950533580096,0.0014990946558911503,1.0644280528754614e-07,7.243118800397209e-11,4.001617143565507e-12,1.3146577124102856e-23,-1.2710310460526279e-15,-6.684600312454267e-23
D,46348,0.42839437671881037,0.0008441795921975456,8.805447693190706e-11,2.6661026036640485e-11,1.0778707817159425e-13,-1.0562529949809898e-25,-7.209566838162137e-19,-1.4909816332275475e-25
D,51912,0.7947329689884621,0.0006768816655376504,6.14399324826825e-11,1.479001499264073e-11,1.4586044306054526e-13,-2.140917276562787e-25,-9.716365264710731e-19,-7.83610586169794e-27
S,29062,0.18579727289652762,0.0015860427171652102,1.016214279060023e-08,9.104481715728088e-12,2.464517047159964e-12,1.0863674038459781e-23,-1.7129539307264903e-16,4.273922988863692e-24
F,26498,0.593552753986694,0.001475349257972172,3.314209160736316e-07,1.0005338798621052e-09,1.3970544765267698e-10,1.909593257972941e-20,-2.6358458625443835e-14,-4.86160244584339e-20
F,23559,0.14723608277599898,0.0016600570004598964,3.3264942547702665e-07,1.1713816123514645e-09,6.094984128149721e-11,5.554433385923647e-21,-2.844010188714055e-14,-1.5309287919766527e-20
F,28923,0.594346480725385,0.0013134283096598144,1.884237189709673e-07,5.846708740180067e-10,1.3964278277096075e-10,3.447673665656312e-20,-7.198163024950675e-16,-2.0085869926626842e-20
A,24134,0.21308765255197387,0.0012823342184223783,6.749357283598059e-09,1.4317574567462237e-09,5.570645218295867e-11,-1.3171177214199027e-20,4.366765999760345e-15,8.603848998635692e-21
G,20065,0.1383507414963604,0.0025282226115472105,2.3398206490588174e-08,7.529648000491965e-10,4.2157077417440205e-10,-1.319466332615021e-19,-6.144186804166514e-14,-1.9749427994595698e-19
G,24949,0.18103028222764883,0.0018720126203821297,2.778568768602219e-10,2.950271933210998e-10,1.3346382356656416e-10,-5.09114808440579e-21,-2.217391217138737e-15,-2.59895974263069e-20
G,28368,0.18664763707254373,0.0015928221063997846,4.646298076734337e-09,1.581817382872696e-10,1.485716444117657e-11,6.506433017916914e-22,5.184017018448053e-16,-3.089020721467064e-22
G,28418,0.1925081669862596,0.001666435790652662,1.3703656781242634e-08,1.6466404814699608e-10,2.7484842908969868e-11,6.316796097772884e-22,-3.214815590733348e-15,-1.7377627017397606e-21
F,28926,0.30820423029326316,0.0014127947826061398,3.117939589866981e-07,9.529534832466714e-10,2.8361929976326335e-11,-2.6358728282481457e-21,-6.695170700033872e-15,3.846186521877321e-21
A,24299,0.21818695220777978,0.0013021475729283068,3.522919970449603e-09,1.524030221688678e-09,5.079766340743866e-11,-1.1648930313002864e-20,2.6884038932016616e-15,8.004367608249883e-21
F,38640,0.34813459835687866,0.000904340621697512,1.0836173238424929e-07,1.5970852410589154e-10,2.7213786085065888e-12,-2.2916945669492892e-23,-8.663247367956552e-16,-5.190010635904751e-23
F,25813,0.552828986271045,0.001567459262634659,3.1659018530821627e-07,1.261855392195822e-09,2.1438000335528526e-10,5.467577303307101e-20,-2.6857389524357467e-14,-9.717598796889956e-20
S,47288,0.3839901195266647,0.0007584465756846402,1.4600850506016204e-09,8.009199958346302e-13,3.128723335638716e-14,4.778897519001215e-27,-2.2792532008820127e-19,1.3006718328903334e-27
D,42955,0.3923083601986717,0.0009002240595229524,2.4085054574326523e-09,3.940769591605051e-11,8.75323384924051e-13,-2.613294726033643e-24,-9.51014705209533e-18,-4.4271943794214924e-24
S,28119,0.20126950533580096,0.0014990946558911503,1.0644280528754614e-07,7.243118800397209e-11,4.001617143565507e-12,1.3146577124102856e-23,-1.2710310460526279e-15,-6.684600312454267e-23
D,28588,0.19084703393319322,0.0015900579101267803,1.740772773799391e-08,3.176048061100377e-10,3.302015475475247e-13,-2.6480418477153167e-24,-4.1634185671927014e-17,-2.1029892864525866e-24
S,30498,0.15788697986652436,0.0011600984469554662,9.110948337271168e-08,7.42322210581115e-11,3.9878873225737516e-13,-2.1672545018560533e-24,-1.095760853350197e-16,1.0412198600165458e-25
D,28438,0.1759864315327282,0.001694638995203833,1.8336103126373404e-08,2.3057240351456841e-10,1.4805010823356209e-12,-2.309541697397411e-23,1.8804525558201971e-16,-1.4657044503661662e-23
S,26930,0.16252252283213606,0.0015329667581624904,8.681247762431427e-08,1.3884393318425818e-11,1.7806124802929224e-12,5.244971161789845e-24,-4.872558561669733e-16,-7.13271839830004e-24
S,26815,0.19877680091837988,0.0016406898227371274,1.6201228178972272e-07,8.811779968074747e-11,2.5808946028199865e-12,3.13666120829186e-23,-1.0362246006896457e-15,-2.3043490691252056e-23
D,23453,0.14372166229331446,0.0018230832972485943,1.430258615854459e-09,7.10806860537526e-10,4.125267022811201e-12,-2.1886394563081423e-22,-6.792212341683287e-18,-4.471473503934632e-23
A,16321,0.12173269697659554,0.0017219511228930388,1.9432606276124424e-07,3.867758482272954e-09,1.451105512896625e-10,9.626684737839502e-20,-5.0746031357268805e-14,-5.0507720537315635e-20
G,49107,0.5193979982824138,0.0007154445216503644,4.755972010898268e-09,1.6498884782830823e-11,8.706745953668611e-13,-3.2421950956467135e-24,-5.13900863069851e-17,-6.148404202514664e-25
A,16908,0.12591683562329575,0.0017363805929650807,6.59510415885824e-08,3.872474972034015e-09,1.1517004602750325e-10,-3.1817538649920527e-21,9.928447944887852e-15,7.684784585888914e-20
F,19354,0.13979479760168634,0.0019031790780004768,6.683692146325972e-07,2.176960387792523e-09,7.986737044871026e-11,5.202690554223045e-21,-1.2982206100106319e-14,3.289378836302612e-20
G,26648,0.20893301546301699,0.001630261084246375,1.3355948432925973e-08,3.499579906539266e-10,1.0680001016494174e-10,3.346429111514605e-21,-9.100925177983327e-15,-2.037438612357576e-20
G,20640,0.11889362437096794,0.002284306353960594,2.6611321151549235e-08,1.546987192212937e-10,1.8558672867534093e-11,9.907358661084018e-22,1.5779944230653958e-16,8.535646730067157e-23
F,26386,0.3180767592894765,0.0014910222913521055,2.7492389669288807e-07,1.0239788091420473e-09,5.2606515383920634e-11,6.960783015086673e-21,-1.2977072534289447e-14,-1.0031158100369014e-20
A,22739,0.19976475472863364,0.0013596708382387144,4.7541339962283935e-09,1.8614459728416688e-09,7.751245458006584e-11,-2.384261767031794e-20,4.764840936168834e-15,1.7274877806250635e-20
A,35357,0.3961807340578193,0.0008457137883145466,1.1758681058457551e-08,2.7542246693338676e-10,2.3619943702229498e-12,-5.971903429153456e-23,2.553422245839346e-16,7.940161511268569e-24
F,28105,0.25581011941444237,0.0012854384554755376,1.1012375129096844e-07,5.501178269558955e-10,1.2964193042965614e-10,2.8520384629136164e-20,-2.675783265311572e-15,-1.9627457805675518e-20
D,46277,0.46776241864561885,0.0008660860420748376,1.0643153858902268e-10,2.0072283012740476e-11,9.455156126903847e-15,-4.0425654856335475e-27,5.400848001372644e-20,-7.903033178139187e-28
S,31516,0.15804440511217524,0.0014186406137624763,1.8801456643572007e-08,3.67924558442739e-11,2.7035522611553716e-14,2.5040046392600612e-27,3.6994653829431144e-18,2.6847308280192546e-26
S,20869,0.1514257469160609,0.0018509487837916696,3.10839284129748e-07,2.0984505040768595e-10,4.002282998151749e-11,3.590741228275267e-21,4.839364166664954e-15,-7.481105708998238e-22
D,21650,0.10535035689025266,0.002052612727280465,1.3661313421077024e-07,5.257999303975891e-10,3.537094637941263e-11,3.045941169854665e-21,4.17407575061074e-15,3.740364050011212e-21
S,24243,0.1674065036802977,0.0017417901888127046,1.6848117389361397e-07,1.3620830067521742e-10,9.057999027459137e-12,2.428050237225787e-22,-3.531078889598202e-15,-2.056055858542139e-22
D,22440,0.1498043739142597,0.002087350810242107,1.0328789298606383e-08,7.915967231722482e-10,4.226461862291641e-12,1.7043687980184749e-22,4.1844814874125884e-16,1.752558377082447e-22
